indice,esperado,previsto,acertou,y_A,y_B,y_C,y_D,y_E,y_F,y_G,y_H,y_I,y_J,y_K,y_L,y_M,y_N,y_O,y_P,y_Q,y_R,y_S,y_T,y_U,y_V,y_W,y_X,y_Y,y_Z
0,Z,Z,1,-0.998568,-1.000000,-1.000000,-1.000000,-1.000000,-0.999923,-1.000000,-1.000000,-0.999996,-0.999279,-1.000000,-1.000000,-1.000000,-1.000000,-1.000000,-0.999865,-1.000000,-0.999496,-0.999994,-0.999979,-1.000000,-1.000000,-0.999978,-0.999028,-1.000000,0.994465
1,K,K,1,-1.000000,-1.000000,-1.000000,-1.000000,-1.000000,-0.999997,-1.000000,-1.000000,-1.000000,-0.999998,0.978692,-0.962729,-1.000000,-1.000000,-1.000000,-1.000000,-1.000000,-0.992128,-1.000000,-0.999995,-1.000000,-0.995116,-1.000000,-0.999999,-1.000000,-1.000000
2,D,O,0,-1.000000,-1.000000,-1.000000,-0.999996,-1.000000,-0.999978,-0.999800,-1.000000,-1.000000,-0.999840,-1.000000,-1.000000,-0.999999,-1.000000,0.658730,-0.999944,-0.999987,-1.000000,-1.000000,-0.999828,-0.999564,-1.000000,-1.000000,-1.000000,-1.000000,-1.000000
3,L,L,1,-0.999877,-1.000000,-0.973373,-1.000000,-1.000000,-0.998459,-1.000000,-1.000000,-1.000000,-0.999937,-1.000000,0.999822,-1.000000,-1.000000,-1.000000,-0.999995,-1.000000,-1.000000,-0.999996,-0.999998,-0.999716,-1.000000,-0.999737,-1.000000,-1.000000,-1.000000
4,X,W,0,-1.000000,-1.000000,-1.000000,-1.000000,-1.000000,-1.000000,-1.000000,-1.000000,-1.000000,-0.999992,-1.000000,-1.000000,-1.000000,-1.000000,-1.000000,-0.999995,-1.000000,-1.000000,-0.999997,-0.999995,-1.000000,-1.000000,-0.997276,-1.000000,-1.000000,-1.000000
5,Y,Y,1,-1.000000,-1.000000,-1.000000,-1.000000,-1.000000,-0.999995,-1.000000,-1.000000,-1.000000,-1.000000,-1.000000,-1.000000,-0.998544,-1.000000,-1.000000,-0.999999,-1.000000,-1.000000,-1.000000,-0.999996,-1.000000,-0.944889,-1.000000,-1.000000,0.999663,-1.000000
6,C,R,0,-1.000000,-1.000000,-1.000000,-1.000000,-1.000000,-1.000000,-0.999834,-1.000000,-1.000000,-0.999978,-0.999990,-1.000000,-1.000000,-1.000000,-1.000000,-0.999999,-1.000000,-0.999826,-1.000000,-0.999998,-1.000000,-1.000000,-0.999986,-1.000000,-1.000000,-1.000000
7,O,O,1,-0.999972,-1.000000,-1.000000,-0.997255,-1.000000,-0.999456,-0.999960,-1.000000,-1.000000,-0.995986,-1.000000,-1.000000,-1.000000,-1.000000,-0.062461,-0.999269,-0.999999,-1.000000,-0.999994,-0.999695,-0.878639,-1.000000,-1.000000,-1.000000,-1.000000,-1.000000
8,A,B,0,-1.000000,-0.999821,-1.000000,-1.000000,-1.000000,-0.999999,-1.000000,-1.000000,-1.000000,-0.999946,-0.999999,-1.000000,-0.999998,-1.000000,-1.000000,-0.999999,-1.000000,-0.999902,-1.000000,-0.999895,-1.000000,-1.000000,-0.999998,-1.000000,-1.000000,-1.000000
9,H,H,1,-0.999996,-1.000000,-1.000000,-1.000000,-1.000000,-0.999890,-0.998266,0.999541,-1.000000,-0.999991,-1.000000,-0.999958,-1.000000,-0.999968,-1.000000,-1.000000,-1.000000,-1.000000,-0.999999,-1.000000,-0.993641,-0.999999,-0.999989,-1.000000,-1.000000,-1.000000
10,F,E,0,-1.000000,-1.000000,-0.999220,-1.000000,0.999913,-0.999999,-1.000000,-1.000000,-1.000000,-1.000000,-0.999993,-0.999987,-1.000000,-1.000000,-1.000000,-1.000000,-1.000000,-1.000000,-1.000000,-1.000000,-1.000000,-0.999982,-0.999995,-1.000000,-1.000000,-1.000000
11,Y,Y,1,-1.000000,-1.000000,-1.000000,-1.000000,-1.000000,-0.999995,-1.000000,-1.000000,-1.000000,-1.000000,-1.000000,-1.000000,-0.998546,-1.000000,-1.000000,-0.999999,-1.000000,-1.000000,-1.000000,-0.999996,-1.000000,-0.944987,-1.000000,-1.000000,0.999663,-1.000000
12,S,I,0,-0.999999,-1.000000,-0.999639,-1.000000,-0.998341,-1.000000,-0.999999,-1.000000,-0.958093,-0.999997,-1.000000,-1.000000,-1.000000,-1.000000,-1.000000,-1.000000,-1.000000,-1.000000,-1.000000,-1.000000,-1.000000,-1.000000,-0.999965,-1.000000,-1.000000,-0.998640
13,P,M,0,-1.000000,-1.000000,-1.000000,-1.000000,-0.999999,-0.999999,-1.000000,-1.000000,-1.000000,-0.999996,-0.996244,-1.000000,-0.991784,-1.000000,-1.000000,-1.000000,-1.000000,-1.000000,-1.000000,-0.999819,-1.000000,-1.000000,-1.000000,-1.000000,-0.999974,-1.000000
14,G,G,1,-0.999911,-1.000000,-1.000000,-1.000000,-0.999981,-0.999936,-0.586100,-1.000000,-0.999928,-0.999978,-1.000000,-1.000000,-1.000000,-1.000000,-1.000000,-0.999997,-1.000000,-1.000000,-0.999998,-1.000000,-1.000000,-1.000000,-0.999996,-1.000000,-1.000000,-0.999777
15,Q,Q,1,-0.964928,-1.000000,-1.000000,-0.987189,-1.000000,-0.998516,-1.000000,-1.000000,-1.000000,-0.997425,-1.000000,-1.000000,-1.000000,-0.999996,-0.999886,-0.993994,0.989595,-1.000000,-0.986863,-0.998007,-1.000000,-1.000000,-1.000000,-1.000000,-1.000000,-0.999992
16,L,E,0,-1.000000,-1.000000,-0.999221,-1.000000,0.999913,-0.999999,-1.000000,-1.000000,-1.000000,-1.000000,-0.999993,-0.999987,-1.000000,-1.000000,-1.000000,-1.000000,-1.000000,-1.000000,-1.000000,-1.000000,-1.000000,-0.999982,-0.999995,-1.000000,-1.000000,-1.000000
17,Q,Z,0,-0.999988,-1.000000,-1.000000,-1.000000,-1.000000,-0.999928,-0.999998,-1.000000,-0.999749,-0.999900,-1.000000,-1.000000,-0.999848,-1.000000,-1.000000,-0.999992,-0.999709,-1.000000,-1.000000,-0.999997,-1.000000,-0.999999,-1.000000,-1.000000,-0.986632,-0.967324
18,Z,Z,1,-0.999841,-1.000000,-1.000000,-1.000000,-1.000000,-0.999994,-1.000000,-1.000000,-0.999996,-0.999983,-1.000000,-1.000000,-1.000000,-1.000000,-1.000000,-1.000000,-1.000000,-1.000000,-0.999999,-0.999998,-1.000000,-1.000000,-0.999984,-1.000000,-1.000000,0.953905
19,H,K,0,-0.999995,-1.000000,-1.000000,-1.000000,-1.000000,-1.000000,-1.000000,-1.000000,-1.000000,-0.999927,0.800936,-1.000000,-1.000000,-1.000000,-1.000000,-0.999999,-1.000000,-0.999882,-0.999999,-0.999939,-1.000000,-1.000000,-0.999673,-1.000000,-1.000000,-1.000000
20,F,Y,0,-1.000000,-1.000000,-1.000000,-1.000000,-1.000000,-0.999999,-1.000000,-1.000000,-1.000000,-0.999998,-1.000000,-1.000000,-0.999996,-1.000000,-1.000000,-0.999999,-1.000000,-1.000000,-1.000000,-0.999930,-1.000000,-1.000000,-1.000000,-0.999989,0.626852,-1.000000
21,K,K,1,-0.999999,-1.000000,-0.999998,-1.000000,-0.999592,-0.999994,-1.000000,-1.000000,-1.000000,-0.999999,0.976472,-1.000000,-1.000000,-1.000000,-1.000000,-1.000000,-1.000000,-0.946156,-1.000000,-0.999989,-1.000000,-0.999999,-1.000000,-1.000000,-0.999987,-1.000000
22,O,Q,0,-0.999999,-1.000000,-0.999999,-1.000000,-1.000000,-0.999986,-1.000000,-1.000000,-1.000000,-0.999952,-1.000000,-1.000000,-1.000000,-1.000000,-0.999650,-0.999663,0.996240,-1.000000,-1.000000,-0.999978,-0.999998,-1.000000,-1.000000,-1.000000,-1.000000,-1.000000
23,Z,Z,1,-0.999983,-1.000000,-0.999998,-1.000000,-1.000000,-0.999997,-1.000000,-1.000000,-0.999988,-0.999975,-1.000000,-1.000000,-1.000000,-1.000000,-1.000000,-0.999991,-1.000000,-0.998209,-1.000000,-0.999988,-1.000000,-1.000000,-1.000000,-0.963391,-1.000000,0.983674
24,V,V,1,-1.000000,-1.000000,-1.000000,-1.000000,-1.000000,-0.999998,-0.999997,-0.999986,-1.000000,-1.000000,-1.000000,-1.000000,-0.999896,-1.000000,-1.000000,-1.000000,-1.000000,-1.000000,-1.000000,-0.999999,-0.999999,0.999519,-1.000000,-1.000000,-0.999999,-1.000000
25,J,I,0,-1.000000,-1.000000,-1.000000,-1.000000,-1.000000,-1.000000,-1.000000,-1.000000,0.890382,-0.999991,-1.000000,-1.000000,-1.000000,-1.000000,-1.000000,-0.999975,-1.000000,-1.000000,-1.000000,-0.999977,-1.000000,-1.000000,-0.999980,-1.000000,-1.000000,-0.999260
26,C,W,0,-0.999999,-1.000000,-0.999541,-1.000000,-1.000000,-0.999834,-1.000000,-1.000000,-1.000000,-0.999978,-1.000000,-0.997891,-1.000000,-1.000000,-1.000000,-0.999986,-1.000000,-1.000000,-1.000000,-0.999997,-0.999999,-1.000000,-0.921573,-1.000000,-1.000000,-1.000000
27,J,I,0,-0.999999,-1.000000,-0.999993,-1.000000,-1.000000,-1.000000,-1.000000,-1.000000,-0.995883,-0.999985,-1.000000,-1.000000,-1.000000,-1.000000,-1.000000,-0.999995,-1.000000,-1.000000,-1.000000,-0.999989,-1.000000,-1.000000,-1.000000,-1.000000,-0.999365,-0.997985
28,K,K,1,-1.000000,-1.000000,-1.000000,-1.000000,-1.000000,-1.000000,-1.000000,-1.000000,-1.000000,-0.999999,0.999997,-1.000000,-1.000000,-1.000000,-1.000000,-1.000000,-1.000000,-1.000000,-1.000000,-0.999994,-1.000000,-1.000000,-0.999995,-0.999016,-1.000000,-1.000000
29,U,U,1,-0.999992,-1.000000,-1.000000,-0.999567,-1.000000,-0.998460,-1.000000,-0.999958,-1.000000,-0.999690,-1.000000,-1.000000,-1.000000,-1.000000,-1.000000,-0.999892,-1.000000,-1.000000,-0.999995,-0.999463,0.999978,-1.000000,-1.000000,-1.000000,-1.000000,-1.000000
30,I,Y,0,-1.000000,-1.000000,-0.999976,-1.000000,-0.890196,-0.999999,-1.000000,-1.000000,-0.999997,-1.000000,-1.000000,-1.000000,-1.000000,-1.000000,-1.000000,-1.000000,-1.000000,-1.000000,-1.000000,-0.999999,-1.000000,-1.000000,-1.000000,-1.000000,-0.718439,-1.000000
31,L,I,0,-1.000000,-1.000000,-0.999999,-1.000000,-0.964528,-0.999999,-1.000000,-1.000000,-0.925248,-1.000000,-1.000000,-1.000000,-1.000000,-1.000000,-1.000000,-1.000000,-1.000000,-1.000000,-1.000000,-1.000000,-1.000000,-1.000000,-0.999911,-1.000000,-1.000000,-1.000000
32,S,Z,0,-0.999998,-1.000000,-1.000000,-1.000000,-1.000000,-0.999999,-1.000000,-1.000000,-0.999862,-0.999949,-1.000000,-1.000000,-1.000000,-1.000000,-1.000000,-0.999995,-1.000000,-1.000000,-1.000000,-0.999874,-1.000000,-1.000000,-1.000000,-1.000000,-0.999999,-0.999421
33,J,I,0,-0.999999,-1.000000,-0.999993,-1.000000,-1.000000,-1.000000,-1.000000,-1.000000,-0.995889,-0.999985,-1.000000,-1.000000,-1.000000,-1.000000,-1.000000,-0.999995,-1.000000,-1.000000,-1.000000,-0.999989,-1.000000,-1.000000,-1.000000,-1.000000,-0.999365,-0.997989
34,K,K,1,-1.000000,-1.000000,-1.000000,-1.000000,-1.000000,-1.000000,-1.000000,-1.000000,-1.000000,-0.999999,0.999996,-1.000000,-1.000000,-1.000000,-1.000000,-1.000000,-1.000000,-1.000000,-1.000000,-0.999994,-1.000000,-1.000000,-0.999995,-0.999225,-1.000000,-1.000000
35,R,R,1,-0.999997,-1.000000,-1.000000,-1.000000,-1.000000,-0.999998,-1.000000,-1.000000,-1.000000,-0.999845,-0.997063,-1.000000,-1.000000,-1.000000,-1.000000,-0.999999,-1.000000,0.904532,-1.000000,-0.999955,-1.000000,-1.000000,-0.999994,-1.000000,-1.000000,-1.000000
36,X,X,1,-0.999998,-1.000000,-1.000000,-1.000000,-1.000000,-1.000000,-1.000000,-1.000000,-1.000000,-0.999999,-0.995222,-1.000000,-1.000000,-0.999999,-1.000000,-0.999999,-1.000000,-1.000000,-0.999999,-0.999989,-1.000000,-1.000000,-0.999999,0.999978,-1.000000,-1.000000
37,Z,Z,1,-0.999983,-1.000000,-0.999998,-1.000000,-1.000000,-0.999997,-1.000000,-1.000000,-0.999988,-0.999975,-1.000000,-1.000000,-1.000000,-1.000000,-1.000000,-0.999991,-1.000000,-0.998209,-1.000000,-0.999988,-1.000000,-1.000000,-1.000000,-0.963392,-1.000000,0.983675
38,V,V,1,-1.000000,-1.000000,-1.000000,-1.000000,-1.000000,-0.999998,-0.999996,-0.999983,-1.000000,-1.000000,-1.000000,-1.000000,-0.999876,-1.000000,-1.000000,-1.000000,-1.000000,-1.000000,-1.000000,-0.999999,-0.999999,0.999619,-1.000000,-1.000000,-0.999999,-1.000000
39,V,V,1,-1.000000,-1.000000,-1.000000,-1.000000,-1.000000,-0.999998,-1.000000,-1.000000,-1.000000,-0.999999,-1.000000,-1.000000,-0.999998,-1.000000,-1.000000,-0.999999,-1.000000,-1.000000,-1.000000,-0.999999,-0.999999,0.986119,-1.000000,-1.000000,-0.995347,-1.000000
40,S,B,0,-0.999786,-0.994287,-1.000000,-1.000000,-1.000000,-0.999982,-1.000000,-1.000000,-0.999956,-0.998184,-1.000000,-1.000000,-1.000000,-1.000000,-1.000000,-0.999933,-1.000000,-1.000000,-0.999999,-0.999666,-1.000000,-1.000000,-0.999898,-1.000000,-1.000000,-0.996952
41,N,E,0,-0.999996,-0.978004,-1.000000,-1.000000,-0.670778,-0.999998,-1.000000,-1.000000,-1.000000,-0.999958,-0.996466,-1.000000,-1.000000,-1.000000,-1.000000,-0.999997,-1.000000,-1.000000,-1.000000,-0.999980,-1.000000,-1.000000,-0.996855,-1.000000,-0.999994,-1.000000
42,W,W,1,-1.000000,-0.999997,-0.994344,-1.000000,-0.991158,-1.000000,-0.999721,-1.000000,-0.913453,-0.999999,-1.000000,-1.000000,-0.999962,-1.000000,-1.000000,-0.999963,-1.000000,-1.000000,-1.000000,-0.999996,-1.000000,-1.000000,0.999999,-1.000000,-1.000000,-1.000000
43,A,W,0,-1.000000,-1.000000,-1.000000,-1.000000,-1.000000,-1.000000,-1.000000,-1.000000,-1.000000,-1.000000,-1.000000,-1.000000,-1.000000,-0.999999,-1.000000,-1.000000,-1.000000,-1.000000,-1.000000,-1.000000,-1.000000,-1.000000,-0.742414,-1.000000,-1.000000,-1.000000
44,E,E,1,-0.999987,-0.999959,-1.000000,-1.000000,0.998657,-0.999957,-1.000000,-0.999999,-1.000000,-0.999982,-1.000000,-0.999905,-1.000000,-1.000000,-1.000000,-1.000000,-1.000000,-1.000000,-1.000000,-0.999997,-1.000000,-1.000000,-0.996480,-1.000000,-1.000000,-1.000000
45,V,Y,0,-1.000000,-1.000000,-1.000000,-1.000000,-1.000000,-0.999996,-1.000000,-1.000000,-1.000000,-1.000000,-1.000000,-1.000000,-0.906732,-1.000000,-1.000000,-1.000000,-1.000000,-1.000000,-1.000000,-0.999998,-1.000000,0.243775,-1.000000,-1.000000,0.293086,-1.000000
46,W,W,1,-1.000000,-1.000000,-1.000000,-1.000000,-1.000000,-1.000000,-0.999996,-1.000000,-1.000000,-0.999999,-1.000000,-1.000000,-1.000000,-1.000000,-1.000000,-1.000000,-1.000000,-1.000000,-1.000000,-1.000000,-1.000000,-1.000000,0.999992,-1.000000,-1.000000,-1.000000
47,M,M,1,-1.000000,-1.000000,-1.000000,-1.000000,-1.000000,-1.000000,-1.000000,-0.999460,-1.000000,-0.999985,-1.000000,-1.000000,1.000000,-1.000000,-1.000000,-0.999999,-1.000000,-1.000000,-1.000000,-0.999738,-1.000000,-1.000000,-0.999990,-1.000000,-1.000000,-1.000000
48,J,I,0,-0.999999,-1.000000,-0.999993,-1.000000,-1.000000,-1.000000,-1.000000,-1.000000,-0.995883,-0.999985,-1.000000,-1.000000,-1.000000,-1.000000,-1.000000,-0.999995,-1.000000,-1.000000,-1.000000,-0.999989,-1.000000,-1.000000,-1.000000,-1.000000,-0.999365,-0.997986
49,T,I,0,-0.999999,-1.000000,-0.999993,-1.000000,-1.000000,-1.000000,-1.000000,-1.000000,-0.995883,-0.999985,-1.000000,-1.000000,-1.000000,-1.000000,-1.000000,-0.999995,-1.000000,-1.000000,-1.000000,-0.999989,-1.000000,-1.000000,-1.000000,-1.000000,-0.999365,-0.997986
50,G,G,1,-0.999989,-0.999982,-1.000000,-1.000000,-0.983601,-0.999945,0.999970,-1.000000,-1.000000,-0.999982,-1.000000,-1.000000,-1.000000,-1.000000,-1.000000,-1.000000,-1.000000,-1.000000,-1.000000,-1.000000,-1.000000,-1.000000,-0.999974,-1.000000,-1.000000,-1.000000
51,Q,O,0,-0.999816,-1.000000,-1.000000,-0.999999,-1.000000,-0.999369,-1.000000,-1.000000,-1.000000,-0.996153,-1.000000,-1.000000,-1.000000,-1.000000,0.277710,-0.995153,-0.843681,-1.000000,-0.999943,-0.999729,-0.972583,-1.000000,-1.000000,-1.000000,-1.000000,-1.000000
52,G,G,1,-0.999995,-1.000000,-1.000000,-1.000000,-1.000000,-0.999652,-0.632438,-1.000000,-1.000000,-0.999896,-1.000000,-1.000000,-1.000000,-1.000000,-0.718930,-0.999870,-0.999998,-1.000000,-0.999990,-1.000000,-1.000000,-1.000000,-0.998912,-1.000000,-1.000000,-1.000000
53,B,G,0,-0.999999,-1.000000,-1.000000,-1.000000,-0.999996,-0.999999,-0.999853,-1.000000,-1.000000,-0.999988,-1.000000,-1.000000,-1.000000,-1.000000,-1.000000,-1.000000,-1.000000,-1.000000,-1.000000,-0.999998,-1.000000,-1.000000,-0.999880,-1.000000,-1.000000,-1.000000
54,E,E,1,-1.000000,-1.000000,-0.999220,-1.000000,0.999913,-0.999999,-1.000000,-1.000000,-1.000000,-1.000000,-0.999993,-0.999987,-1.000000,-1.000000,-1.000000,-1.000000,-1.000000,-1.000000,-1.000000,-1.000000,-1.000000,-0.999982,-0.999995,-1.000000,-1.000000,-1.000000
55,P,I,0,-0.999999,-1.000000,-0.999276,-1.000000,-0.997367,-1.000000,-0.999999,-1.000000,-0.951461,-0.999998,-1.000000,-1.000000,-1.000000,-1.000000,-1.000000,-1.000000,-1.000000,-1.000000,-1.000000,-1.000000,-1.000000,-1.000000,-0.999966,-1.000000,-1.000000,-0.998599
56,O,O,1,-0.999794,-1.000000,-1.000000,-1.000000,-1.000000,-0.998475,-0.963728,-1.000000,-1.000000,-0.999567,-1.000000,-1.000000,-1.000000,-1.000000,0.999988,-0.999974,-1.000000,-1.000000,-0.999997,-0.999992,-1.000000,-1.000000,-0.999999,-1.000000,-1.000000,-1.000000
57,G,C,0,-1.000000,-1.000000,0.547217,-1.000000,-1.000000,-0.999924,-1.000000,-1.000000,-1.000000,-1.000000,-1.000000,-1.000000,-0.999999,-1.000000,-1.000000,-1.000000,-1.000000,-1.000000,-1.000000,-1.000000,-0.999997,-0.990266,-1.000000,-1.000000,-0.999999,-1.000000
58,C,C,1,-0.999998,-1.000000,0.999446,-1.000000,-1.000000,-0.999991,-1.000000,-1.000000,-1.000000,-0.999970,-1.000000,-1.000000,-1.000000,-1.000000,-0.995704,-0.999998,-1.000000,-1.000000,-1.000000,-0.999991,-1.000000,-1.000000,-0.999991,-1.000000,-1.000000,-1.000000
59,C,R,0,-1.000000,-0.999999,-0.999972,-1.000000,-0.999997,-1.000000,-0.999999,-1.000000,-1.000000,-0.999987,-0.999991,-1.000000,-1.000000,-1.000000,-1.000000,-0.999999,-1.000000,-0.998789,-1.000000,-0.999994,-1.000000,-1.000000,-0.999999,-1.000000,-1.000000,-1.000000
60,N,Y,0,-1.000000,-1.000000,-1.000000,-1.000000,-1.000000,-0.999996,-1.000000,-1.000000,-1.000000,-1.000000,-1.000000,-1.000000,-0.916965,-1.000000,-1.000000,-1.000000,-1.000000,-1.000000,-1.000000,-0.999998,-1.000000,0.013837,-1.000000,-1.000000,0.131108,-1.000000
61,Q,Q,1,-0.991748,-1.000000,-0.665891,-1.000000,-1.000000,-0.990750,-0.999797,-1.000000,-1.000000,-0.998970,-1.000000,-1.000000,-1.000000,-1.000000,-1.000000,-0.999971,0.999525,-1.000000,-0.955098,-0.999999,-1.000000,-1.000000,-0.999759,-1.000000,-1.000000,-1.000000
62,P,B,0,-1.000000,-0.999821,-1.000000,-1.000000,-1.000000,-0.999999,-1.000000,-1.000000,-1.000000,-0.999946,-0.999999,-1.000000,-0.999998,-1.000000,-1.000000,-0.999999,-1.000000,-0.999902,-1.000000,-0.999895,-1.000000,-1.000000,-0.999998,-1.000000,-1.000000,-1.000000
63,W,W,1,-0.999888,-0.999984,-1.000000,-1.000000,-1.000000,-0.999963,-1.000000,-1.000000,-1.000000,-0.999931,-1.000000,-1.000000,-1.000000,-1.000000,-1.000000,-0.999988,-1.000000,-1.000000,-0.999986,-0.999997,-1.000000,-1.000000,0.999999,-1.000000,-1.000000,-0.999867
64,Z,Z,1,-0.999983,-1.000000,-0.999998,-1.000000,-1.000000,-0.999997,-1.000000,-1.000000,-0.999988,-0.999975,-1.000000,-1.000000,-1.000000,-1.000000,-1.000000,-0.999991,-1.000000,-0.998209,-1.000000,-0.999988,-1.000000,-1.000000,-1.000000,-0.963392,-1.000000,0.983675
65,G,O,0,-0.999998,-1.000000,-0.999998,-1.000000,-1.000000,-0.999947,-0.819011,-1.000000,-1.000000,-0.999985,-1.000000,-1.000000,-1.000000,-1.000000,0.999998,-0.999998,-1.000000,-1.000000,-1.000000,-0.999996,-1.000000,-1.000000,-1.000000,-1.000000,-1.000000,-1.000000
66,K,V,0,-1.000000,-1.000000,-1.000000,-1.000000,-1.000000,-1.000000,-1.000000,-1.000000,-1.000000,-0.999999,-0.992955,-0.999829,-1.000000,-1.000000,-1.000000,-1.000000,-1.000000,-1.000000,-1.000000,-0.999996,-1.000000,-0.955769,-1.000000,-1.000000,-1.000000,-1.000000
67,Q,Q,1,-0.999969,-1.000000,-0.999997,-1.000000,-1.000000,-0.999985,-1.000000,-1.000000,-1.000000,-0.999964,-1.000000,-1.000000,-1.000000,-1.000000,-1.000000,-0.999591,1.000000,-1.000000,-0.999866,-0.999975,-1.000000,-1.000000,-1.000000,-0.998189,-1.000000,-1.000000
68,M,M,1,-1.000000,-1.000000,-1.000000,-1.000000,-1.000000,-0.999993,-1.000000,-0.998979,-1.000000,-0.999999,-1.000000,-1.000000,0.950938,-1.000000,-1.000000,-1.000000,-1.000000,-1.000000,-1.000000,-0.999965,-1.000000,-0.999997,-1.000000,-1.000000,-0.999206,-1.000000
69,Q,Q,1,-0.999999,-1.000000,-0.999990,-1.000000,-1.000000,-0.999998,-1.000000,-1.000000,-1.000000,-0.999979,-1.000000,-1.000000,-1.000000,-1.000000,-1.000000,-0.999787,1.000000,-1.000000,-0.999998,-0.999977,-1.000000,-1.000000,-1.000000,-1.000000,-1.000000,-1.000000
70,G,E,0,-0.999631,-1.000000,-1.000000,-1.000000,0.903255,-0.999920,-0.999947,-1.000000,-1.000000,-0.999902,-1.000000,-0.997531,-1.000000,-1.000000,-1.000000,-0.999999,-1.000000,-0.991379,-0.999999,-1.000000,-1.000000,-1.000000,-0.975476,-1.000000,-1.000000,-0.999492
71,T,I,0,-0.999999,-1.000000,-0.999276,-1.000000,-0.997367,-1.000000,-0.999999,-1.000000,-0.951461,-0.999998,-1.000000,-1.000000,-1.000000,-1.000000,-1.000000,-1.000000,-1.000000,-1.000000,-1.000000,-1.000000,-1.000000,-1.000000,-0.999966,-1.000000,-1.000000,-0.998599
72,M,M,1,-0.999999,-1.000000,-1.000000,-1.000000,-1.000000,-0.999843,-1.000000,-1.000000,-1.000000,-0.999960,-1.000000,-1.000000,0.999976,-1.000000,-0.999962,-0.999989,-1.000000,-1.000000,-0.999998,-0.999991,-1.000000,-1.000000,-0.999691,-1.000000,-1.000000,-1.000000
73,U,U,1,-1.000000,-1.000000,-1.000000,-1.000000,-1.000000,-0.999946,-1.000000,-1.000000,-1.000000,-0.999989,-1.000000,-1.000000,-0.998027,-1.000000,-0.999999,-0.999993,-1.000000,-1.000000,-1.000000,-0.999705,0.991744,-0.999955,-1.000000,-1.000000,-1.000000,-1.000000
74,B,E,0,-0.999944,-0.983541,-1.000000,-1.000000,-0.884586,-0.999981,-0.999731,-1.000000,-1.000000,-0.999750,-1.000000,-1.000000,-1.000000,-1.000000,-1.000000,-1.000000,-1.000000,-1.000000,-1.000000,-0.999998,-1.000000,-1.000000,-0.888825,-1.000000,-1.000000,-1.000000
75,B,B,1,-0.999973,0.994652,-1.000000,-0.999983,-1.000000,-0.999984,-1.000000,-1.000000,-1.000000,-0.998448,-1.000000,-1.000000,-1.000000,-1.000000,-1.000000,-0.999988,-1.000000,-0.999972,-1.000000,-0.999808,-1.000000,-1.000000,-0.999341,-1.000000,-1.000000,-1.000000
76,U,U,1,-0.999992,-1.000000,-1.000000,-0.999567,-1.000000,-0.998460,-1.000000,-0.999958,-1.000000,-0.999690,-1.000000,-1.000000,-1.000000,-1.000000,-1.000000,-0.999892,-1.000000,-1.000000,-0.999995,-0.999463,0.999978,-1.000000,-1.000000,-1.000000,-1.000000,-1.000000
77,I,I,1,-1.000000,-1.000000,-1.000000,-1.000000,-1.000000,-1.000000,-1.000000,-1.000000,0.890382,-0.999991,-1.000000,-1.000000,-1.000000,-1.000000,-1.000000,-0.999975,-1.000000,-1.000000,-1.000000,-0.999977,-1.000000,-1.000000,-0.999980,-1.000000,-1.000000,-0.999260
78,H,H,1,-0.999999,-1.000000,-1.000000,-1.000000,-1.000000,-0.999976,-1.000000,0.997033,-1.000000,-0.999997,-1.000000,-1.000000,-0.999591,-0.999786,-1.000000,-1.000000,-1.000000,-0.999998,-0.999999,-0.999985,-0.999996,-0.998962,-1.000000,-1.000000,-1.000000,-1.000000
79,U,U,1,-0.999992,-1.000000,-1.000000,-0.999567,-1.000000,-0.998460,-1.000000,-0.999958,-1.000000,-0.999690,-1.000000,-1.000000,-1.000000,-1.000000,-1.000000,-0.999892,-1.000000,-1.000000,-0.999995,-0.999463,0.999978,-1.000000,-1.000000,-1.000000,-1.000000,-1.000000
80,W,W,1,-1.000000,-0.999083,-1.000000,-1.000000,-1.000000,-1.000000,-0.999996,-1.000000,-0.993047,-0.999992,-1.000000,-1.000000,-0.839745,-1.000000,-0.997836,-0.999962,-1.000000,-1.000000,-1.000000,-0.999905,-1.000000,-1.000000,0.999999,-1.000000,-1.000000,-1.000000
81,X,X,1,-0.999998,-1.000000,-1.000000,-1.000000,-1.000000,-1.000000,-1.000000,-1.000000,-1.000000,-0.999999,-0.995222,-1.000000,-1.000000,-0.999999,-1.000000,-0.999999,-1.000000,-1.000000,-0.999999,-0.999989,-1.000000,-1.000000,-0.999999,0.999978,-1.000000,-1.000000
82,J,I,0,-1.000000,-0.999945,-1.000000,-1.000000,-1.000000,-1.000000,-1.000000,-1.000000,-0.999875,-0.999992,-1.000000,-1.000000,-1.000000,-1.000000,-1.000000,-0.999996,-1.000000,-1.000000,-1.000000,-0.999987,-1.000000,-1.000000,-0.999889,-1.000000,-1.000000,-1.000000
83,S,B,0,-1.000000,-0.999821,-1.000000,-1.000000,-1.000000,-0.999999,-1.000000,-1.000000,-1.000000,-0.999946,-0.999999,-1.000000,-0.999998,-1.000000,-1.000000,-0.999999,-1.000000,-0.999902,-1.000000,-0.999895,-1.000000,-1.000000,-0.999998,-1.000000,-1.000000,-1.000000
84,D,D,1,-0.997983,-1.000000,-1.000000,0.999895,-1.000000,-0.999653,-1.000000,-1.000000,-1.000000,-0.990029,-1.000000,-1.000000,-1.000000,-1.000000,-1.000000,-0.996813,-1.000000,-1.000000,-0.999898,-0.997476,-1.000000,-1.000000,-0.999998,-0.999350,-1.000000,-0.999108
85,K,K,1,-1.000000,-1.000000,-1.000000,-1.000000,-1.000000,-0.999999,-1.000000,-1.000000,-1.000000,-0.999999,0.999965,-1.000000,-1.000000,-1.000000,-1.000000,-1.000000,-1.000000,-0.999999,-1.000000,-0.999994,-1.000000,-0.999999,-0.999998,-0.999845,-1.000000,-1.000000
86,S,E,0,-0.999944,-0.983545,-1.000000,-1.000000,-0.884602,-0.999981,-0.999731,-1.000000,-1.000000,-0.999750,-1.000000,-1.000000,-1.000000,-1.000000,-1.000000,-1.000000,-1.000000,-1.000000,-1.000000,-0.999998,-1.000000,-1.000000,-0.888829,-1.000000,-1.000000,-1.000000
87,X,X,1,-0.999997,-1.000000,-1.000000,-1.000000,-1.000000,-0.999995,-1.000000,-1.000000,-1.000000,-0.999998,-0.999999,-0.999904,-1.000000,-1.000000,-1.000000,-0.999999,-1.000000,-1.000000,-1.000000,-0.999987,-1.000000,-0.999999,-1.000000,0.955836,-0.999943,-0.999969
88,U,U,1,-0.999878,-1.000000,-1.000000,-1.000000,-1.000000,-0.997872,-1.000000,-0.999999,-1.000000,-0.999941,-1.000000,-0.999999,-1.000000,-1.000000,-0.997600,-0.999982,-1.000000,-1.000000,-0.999942,-0.999991,0.999573,-1.000000,-1.000000,-1.000000,-1.000000,-1.000000
89,H,H,1,-0.999943,-1.000000,-1.000000,-1.000000,-1.000000,-0.999302,-1.000000,0.999989,-1.000000,-0.999907,-1.000000,-1.000000,-1.000000,-0.999793,-1.000000,-0.999997,-1.000000,-0.999999,-0.999940,-0.999973,-0.998347,-1.000000,-1.000000,-1.000000,-1.000000,-1.000000
90,X,X,1,-0.999998,-1.000000,-1.000000,-1.000000,-1.000000,-1.000000,-1.000000,-1.000000,-1.000000,-0.999999,-0.995227,-1.000000,-1.000000,-0.999999,-1.000000,-0.999999,-1.000000,-1.000000,-0.999999,-0.999989,-1.000000,-1.000000,-0.999999,0.999977,-1.000000,-1.000000
91,M,M,1,-0.999986,-1.000000,-1.000000,-1.000000,-1.000000,-0.999996,-1.000000,-0.999723,-1.000000,-0.999970,-1.000000,-1.000000,1.000000,-0.999988,-1.000000,-0.999990,-1.000000,-1.000000,-0.999801,-0.999502,-1.000000,-1.000000,-0.999999,-1.000000,-1.000000,-0.999998
92,Y,Y,1,-1.000000,-1.000000,-0.999998,-1.000000,-0.999932,-0.999999,-1.000000,-1.000000,-0.999999,-0.999999,-1.000000,-1.000000,-1.000000,-1.000000,-1.000000,-0.999999,-1.000000,-1.000000,-1.000000,-0.999982,-1.000000,-1.000000,-1.000000,-0.999812,0.989733,-1.000000
93,E,E,1,-0.999988,-0.999922,-1.000000,-1.000000,0.999325,-0.999989,-0.970409,-1.000000,-1.000000,-0.999942,-1.000000,-0.999991,-1.000000,-1.000000,-1.000000,-1.000000,-1.000000,-1.000000,-1.000000,-1.000000,-1.000000,-1.000000,-0.923658,-1.000000,-1.000000,-1.000000
94,N,N,1,-1.000000,-1.000000,-1.000000,-1.000000,-1.000000,-0.999999,-1.000000,-1.000000,-1.000000,-0.999999,-1.000000,-1.000000,-1.000000,1.000000,-1.000000,-1.000000,-1.000000,-1.000000,-0.999998,-0.999968,-0.999999,-1.000000,-1.000000,-1.000000,-1.000000,-1.000000
95,X,X,1,-0.999998,-1.000000,-1.000000,-1.000000,-1.000000,-1.000000,-1.000000,-1.000000,-1.000000,-0.999999,-0.995222,-1.000000,-1.000000,-0.999999,-1.000000,-0.999999,-1.000000,-1.000000,-0.999999,-0.999989,-1.000000,-1.000000,-0.999999,0.999978,-1.000000,-1.000000
96,J,I,0,-0.999969,-1.000000,-1.000000,-1.000000,-0.995425,-0.999990,-1.000000,-1.000000,0.973104,-0.999957,-1.000000,-1.000000,-1.000000,-1.000000,-1.000000,-0.999989,-1.000000,-1.000000,-0.999999,-1.000000,-1.000000,-1.000000,-0.207002,-1.000000,-1.000000,-0.998435
97,V,V,1,-1.000000,-1.000000,-1.000000,-1.000000,-1.000000,-0.999998,-0.311506,-0.999978,-1.000000,-1.000000,-1.000000,-0.999994,-1.000000,-1.000000,-1.000000,-1.000000,-1.000000,-1.000000,-1.000000,-1.000000,-1.000000,0.999731,-1.000000,-1.000000,-1.000000,-1.000000
98,T,I,0,-0.999999,-1.000000,-0.999993,-1.000000,-1.000000,-1.000000,-1.000000,-1.000000,-0.995883,-0.999985,-1.000000,-1.000000,-1.000000,-1.000000,-1.000000,-0.999995,-1.000000,-1.000000,-1.000000,-0.999989,-1.000000,-1.000000,-1.000000,-1.000000,-0.999365,-0.997986
99,A,W,0,-0.999997,-1.000000,-1.000000,-1.000000,-1.000000,-0.999999,-1.000000,-1.000000,-0.999827,-0.999996,-1.000000,-0.998703,-1.000000,-1.000000,-1.000000,-0.999999,-1.000000,-1.000000,-0.999997,-1.000000,-1.000000,-1.000000,-0.987522,-1.000000,-1.000000,-0.989921
100,Z,Z,1,-0.999922,-1.000000,-1.000000,-1.000000,-1.000000,-0.999995,-1.000000,-1.000000,-1.000000,-0.999892,-1.000000,-1.000000,-1.000000,-1.000000,-1.000000,-0.999991,-1.000000,-0.999855,-0.999999,-0.999799,-1.000000,-1.000000,-1.000000,-0.999905,-1.000000,0.967723
101,O,O,1,-0.999985,-0.999974,-1.000000,-0.986092,-1.000000,-0.999337,-1.000000,-1.000000,-1.000000,-0.997731,-1.000000,-1.000000,-1.000000,-1.000000,0.999947,-0.995677,-1.000000,-1.000000,-0.999962,-0.999032,-1.000000,-1.000000,-0.999996,-1.000000,-1.000000,-1.000000
102,Y,Y,1,-1.000000,-1.000000,-1.000000,-1.000000,-1.000000,-0.999995,-1.000000,-1.000000,-1.000000,-1.000000,-1.000000,-1.000000,-0.998553,-1.000000,-1.000000,-0.999999,-1.000000,-1.000000,-1.000000,-0.999996,-1.000000,-0.945329,-1.000000,-1.000000,0.999662,-1.000000
103,A,R,0,-1.000000,-1.000000,-1.000000,-1.000000,-1.000000,-0.999999,-1.000000,-1.000000,-1.000000,-0.999978,-1.000000,-1.000000,-1.000000,-1.000000,-1.000000,-0.999992,-1.000000,-0.976384,-1.000000,-0.999994,-1.000000,-1.000000,-0.999568,-1.000000,-1.000000,-1.000000
104,D,U,0,-0.999992,-1.000000,-1.000000,-0.999569,-1.000000,-0.998460,-1.000000,-0.999958,-1.000000,-0.999690,-1.000000,-1.000000,-1.000000,-1.000000,-1.000000,-0.999892,-1.000000,-1.000000,-0.999995,-0.999463,0.999978,-1.000000,-1.000000,-1.000000,-1.000000,-1.000000
105,E,Y,0,-1.000000,-1.000000,-0.999993,-1.000000,-0.942930,-0.999999,-1.000000,-1.000000,-1.000000,-0.999999,-0.954957,-1.000000,-0.999991,-1.000000,-1.000000,-1.000000,-1.000000,-1.000000,-1.000000,-0.999989,-1.000000,-0.999987,-1.000000,-1.000000,-0.917690,-1.000000
106,S,B,0,-0.999806,-0.998517,-1.000000,-1.000000,-1.000000,-0.999907,-1.000000,-1.000000,-1.000000,-0.999419,-1.000000,-1.000000,-1.000000,-1.000000,-0.999960,-0.999917,-1.000000,-1.000000,-0.999992,-0.999935,-1.000000,-1.000000,-1.000000,-1.000000,-0.999999,-0.999839
107,O,O,1,-0.999993,-1.000000,-1.000000,-1.000000,-1.000000,-0.999947,-1.000000,-1.000000,-0.996926,-0.999988,-1.000000,-1.000000,-1.000000,-1.000000,1.000000,-0.999959,-1.000000,-1.000000,-0.999995,-0.999986,-1.000000,-1.000000,-1.000000,-1.000000,-1.000000,-1.000000
108,U,U,1,-0.999992,-1.000000,-1.000000,-0.999567,-1.000000,-0.998460,-1.000000,-0.999958,-1.000000,-0.999690,-1.000000,-1.000000,-1.000000,-1.000000,-1.000000,-0.999892,-1.000000,-1.000000,-0.999995,-0.999463,0.999978,-1.000000,-1.000000,-1.000000,-1.000000,-1.000000
109,D,D,1,-0.999967,-1.000000,-0.991333,0.999992,-1.000000,-0.999944,-1.000000,-1.000000,-1.000000,-0.999445,-0.999998,-1.000000,-1.000000,-1.000000,-1.000000,-0.999907,-1.000000,-0.954889,-1.000000,-0.997957,-1.000000,-1.000000,-1.000000,-1.000000,-1.000000,-0.999999
110,P,B,0,-1.000000,-0.999821,-1.000000,-1.000000,-1.000000,-0.999999,-1.000000,-1.000000,-1.000000,-0.999946,-0.999999,-1.000000,-0.999998,-1.000000,-1.000000,-0.999999,-1.000000,-0.999902,-1.000000,-0.999895,-1.000000,-1.000000,-0.999998,-1.000000,-1.000000,-1.000000
111,R,R,1,-0.999990,-1.000000,-1.000000,-0.999984,-1.000000,-0.999996,-1.000000,-1.000000,-1.000000,-0.999910,-0.997357,-1.000000,-1.000000,-1.000000,-1.000000,-0.999998,-1.000000,0.985726,-1.000000,-0.999885,-1.000000,-1.000000,-0.999999,-1.000000,-1.000000,-0.999879
112,V,V,1,-1.000000,-1.000000,-0.999999,-1.000000,-1.000000,-0.999232,-1.000000,-1.000000,-1.000000,-0.999963,-1.000000,-1.000000,-0.999602,-1.000000,-1.000000,-0.999990,-1.000000,-1.000000,-1.000000,-0.999979,0.093260,0.973829,-1.000000,-1.000000,-1.000000,-1.000000
113,T,Y,0,-1.000000,-1.000000,-1.000000,-1.000000,-1.000000,-0.999999,-1.000000,-1.000000,-1.000000,-0.999999,-1.000000,-0.999999,-1.000000,-1.000000,-1.000000,-0.999999,-1.000000,-1.000000,-1.000000,-0.999988,-1.000000,-0.999979,-1.000000,-0.999442,-0.718251,-1.000000
114,R,V,0,-1.000000,-1.000000,-1.000000,-1.000000,-1.000000,-0.999986,-1.000000,-0.999230,-1.000000,-0.999999,-0.999999,-1.000000,-1.000000,-1.000000,-1.000000,-1.000000,-1.000000,-0.999971,-1.000000,-0.999999,-1.000000,0.994137,-1.000000,-1.000000,-1.000000,-1.000000
115,T,I,0,-1.000000,-1.000000,-1.000000,-1.000000,-1.000000,-1.000000,-1.000000,-1.000000,0.890382,-0.999991,-1.000000,-1.000000,-1.000000,-1.000000,-1.000000,-0.999975,-1.000000,-1.000000,-1.000000,-0.999977,-1.000000,-1.000000,-0.999980,-1.000000,-1.000000,-0.999260
116,F,E,0,-1.000000,-1.000000,-0.999269,-1.000000,0.999884,-0.999999,-1.000000,-1.000000,-1.000000,-1.000000,-0.999992,-0.999990,-1.000000,-1.000000,-1.000000,-1.000000,-1.000000,-1.000000,-1.000000,-1.000000,-1.000000,-0.999983,-0.999995,-1.000000,-1.000000,-1.000000
117,R,R,1,-0.999991,-1.000000,-1.000000,-0.999990,-1.000000,-0.999996,-1.000000,-1.000000,-1.000000,-0.999913,-0.997179,-1.000000,-1.000000,-1.000000,-1.000000,-0.999998,-1.000000,0.986623,-1.000000,-0.999893,-1.000000,-1.000000,-0.999999,-1.000000,-1.000000,-0.999877
118,Q,Q,1,-0.999997,-1.000000,-0.999977,-1.000000,-1.000000,-0.999933,-1.000000,-1.000000,-1.000000,-0.999624,-1.000000,-1.000000,-1.000000,-1.000000,-1.000000,-0.999953,1.000000,-1.000000,-1.000000,-0.999984,-1.000000,-1.000000,-1.000000,-1.000000,-1.000000,-1.000000
119,W,W,1,-1.000000,-1.000000,-1.000000,-1.000000,-1.000000,-1.000000,-0.999996,-1.000000,-1.000000,-0.999999,-1.000000,-1.000000,-1.000000,-1.000000,-1.000000,-1.000000,-1.000000,-1.000000,-1.000000,-1.000000,-1.000000,-1.000000,0.999992,-1.000000,-1.000000,-1.000000
120,M,H,0,-0.999943,-1.000000,-1.000000,-1.000000,-1.000000,-0.999302,-1.000000,0.999989,-1.000000,-0.999907,-1.000000,-1.000000,-1.000000,-0.999793,-1.000000,-0.999997,-1.000000,-0.999999,-0.999940,-0.999973,-0.998347,-1.000000,-1.000000,-1.000000,-1.000000,-1.000000
121,I,I,1,-1.000000,-1.000000,-1.000000,-1.000000,-1.000000,-1.000000,-1.000000,-1.000000,0.890382,-0.999991,-1.000000,-1.000000,-1.000000,-1.000000,-1.000000,-0.999975,-1.000000,-1.000000,-1.000000,-0.999977,-1.000000,-1.000000,-0.999980,-1.000000,-1.000000,-0.999260
122,N,N,1,-0.999992,-1.000000,-1.000000,-1.000000,-1.000000,-0.999996,-1.000000,-1.000000,-1.000000,-0.999998,-1.000000,-1.000000,-1.000000,1.000000,-1.000000,-0.999999,-1.000000,-1.000000,-0.999887,-0.999965,-1.000000,-1.000000,-1.000000,-0.999686,-1.000000,-1.000000
123,P,R,0,-1.000000,-0.999999,-0.999972,-1.000000,-0.999997,-1.000000,-0.999999,-1.000000,-1.000000,-0.999987,-0.999991,-1.000000,-1.000000,-1.000000,-1.000000,-0.999999,-1.000000,-0.998789,-1.000000,-0.999994,-1.000000,-1.000000,-0.999999,-1.000000,-1.000000,-1.000000
124,N,N,1,-0.999999,-1.000000,-1.000000,-1.000000,-1.000000,-0.999997,-1.000000,-0.999975,-1.000000,-0.999998,-0.999538,-1.000000,-1.000000,0.999888,-1.000000,-1.000000,-1.000000,-1.000000,-0.999991,-0.999980,-1.000000,-1.000000,-1.000000,-1.000000,-1.000000,-1.000000
125,A,W,0,-1.000000,-1.000000,-1.000000,-1.000000,-1.000000,-1.000000,-1.000000,-1.000000,-1.000000,-0.999988,-1.000000,-1.000000,-1.000000,-1.000000,-1.000000,-0.999997,-1.000000,-1.000000,-1.000000,-0.999996,-1.000000,-1.000000,-0.998183,-1.000000,-1.000000,-1.000000
126,I,I,1,-1.000000,-1.000000,-1.000000,-1.000000,-1.000000,-1.000000,-1.000000,-1.000000,0.893837,-0.999991,-1.000000,-1.000000,-1.000000,-1.000000,-1.000000,-0.999976,-1.000000,-1.000000,-1.000000,-0.999978,-1.000000,-1.000000,-0.999979,-1.000000,-1.000000,-0.999264
127,L,L,1,-1.000000,-1.000000,-1.000000,-1.000000,-1.000000,-0.999999,-1.000000,-1.000000,-1.000000,-1.000000,-1.000000,0.989813,-1.000000,-1.000000,-1.000000,-1.000000,-1.000000,-1.000000,-1.000000,-1.000000,-1.000000,-0.997489,-0.999990,-1.000000,-1.000000,-1.000000
128,V,V,1,-1.000000,-1.000000,-1.000000,-1.000000,-1.000000,-1.000000,-1.000000,-1.000000,-1.000000,-0.999999,-0.951464,-0.999863,-1.000000,-1.000000,-1.000000,-1.000000,-1.000000,-1.000000,-1.000000,-0.999996,-1.000000,-0.937883,-1.000000,-1.000000,-1.000000,-1.000000
129,R,R,1,-0.999998,-1.000000,-0.999993,-1.000000,-1.000000,-0.999998,-1.000000,-1.000000,-1.000000,-0.999979,-0.968365,-1.000000,-1.000000,-1.000000,-1.000000,-0.999998,-1.000000,0.998829,-1.000000,-0.999993,-1.000000,-1.000000,-1.000000,-1.000000,-1.000000,-0.999760
130,B,B,1,-0.999973,0.994652,-1.000000,-0.999983,-1.000000,-0.999984,-1.000000,-1.000000,-1.000000,-0.998448,-1.000000,-1.000000,-1.000000,-1.000000,-1.000000,-0.999988,-1.000000,-0.999972,-1.000000,-0.999808,-1.000000,-1.000000,-0.999341,-1.000000,-1.000000,-1.000000
131,N,N,1,-0.999992,-1.000000,-1.000000,-1.000000,-1.000000,-0.999996,-1.000000,-1.000000,-1.000000,-0.999998,-1.000000,-1.000000,-1.000000,1.000000,-1.000000,-0.999999,-1.000000,-1.000000,-0.999886,-0.999965,-1.000000,-1.000000,-1.000000,-0.999695,-1.000000,-1.000000
132,N,N,1,-1.000000,-1.000000,-1.000000,-1.000000,-1.000000,-1.000000,-1.000000,-1.000000,-1.000000,-0.999999,-1.000000,-1.000000,-1.000000,0.999816,-1.000000,-1.000000,-1.000000,-1.000000,-1.000000,-0.999982,-0.999999,-1.000000,-1.000000,-1.000000,-1.000000,-1.000000
133,H,H,1,-0.999999,-1.000000,-1.000000,-1.000000,-1.000000,-0.999976,-1.000000,0.997068,-1.000000,-0.999997,-1.000000,-1.000000,-0.999598,-0.999785,-1.000000,-1.000000,-1.000000,-0.999998,-0.999999,-0.999985,-0.999996,-0.998970,-1.000000,-1.000000,-1.000000,-1.000000
134,Z,I,0,-0.999999,-1.000000,-0.999993,-1.000000,-1.000000,-1.000000,-1.000000,-1.000000,-0.995883,-0.999985,-1.000000,-1.000000,-1.000000,-1.000000,-1.000000,-0.999995,-1.000000,-1.000000,-1.000000,-0.999989,-1.000000,-1.000000,-1.000000,-1.000000,-0.999365,-0.997986
135,T,I,0,-0.999999,-1.000000,-0.999993,-1.000000,-1.000000,-1.000000,-1.000000,-1.000000,-0.995882,-0.999985,-1.000000,-1.000000,-1.000000,-1.000000,-1.000000,-0.999995,-1.000000,-1.000000,-1.000000,-0.999989,-1.000000,-1.000000,-1.000000,-1.000000,-0.999365,-0.997986
136,F,E,0,-1.000000,-1.000000,-1.000000,-1.000000,-0.349710,-0.999998,-1.000000,-1.000000,-1.000000,-0.999999,-0.999999,-1.000000,-0.999996,-1.000000,-1.000000,-1.000000,-1.000000,-1.000000,-1.000000,-0.999998,-1.000000,-1.000000,-0.999992,-1.000000,-1.000000,-1.000000
137,I,I,1,-1.000000,-1.000000,-0.999997,-1.000000,-0.999998,-1.000000,-1.000000,-1.000000,0.990427,-0.999999,-1.000000,-1.000000,-1.000000,-1.000000,-1.000000,-0.999999,-1.000000,-1.000000,-1.000000,-1.000000,-1.000000,-1.000000,-0.996513,-1.000000,-1.000000,-0.999485
138,L,L,1,-1.000000,-1.000000,-1.000000,-1.000000,-1.000000,-0.999999,-1.000000,-1.000000,-1.000000,-1.000000,-1.000000,0.989813,-1.000000,-1.000000,-1.000000,-1.000000,-1.000000,-1.000000,-1.000000,-1.000000,-1.000000,-0.997489,-0.999990,-1.000000,-1.000000,-1.000000
139,F,E,0,-1.000000,-1.000000,-1.000000,-1.000000,-0.356155,-0.999998,-1.000000,-1.000000,-1.000000,-0.999999,-0.999999,-1.000000,-0.999996,-1.000000,-1.000000,-1.000000,-1.000000,-1.000000,-1.000000,-0.999998,-1.000000,-1.000000,-0.999992,-1.000000,-1.000000,-1.000000
140,A,W,0,-1.000000,-1.000000,-1.000000,-1.000000,-1.000000,-1.000000,-1.000000,-1.000000,-1.000000,-1.000000,-1.000000,-0.998860,-1.000000,-1.000000,-1.000000,-1.000000,-1.000000,-1.000000,-1.000000,-1.000000,-1.000000,-0.998482,-0.993720,-1.000000,-1.000000,-1.000000
141,A,W,0,-1.000000,-1.000000,-1.000000,-1.000000,-1.000000,-1.000000,-0.981001,-1.000000,-1.000000,-0.999998,-1.000000,-0.999999,-1.000000,-1.000000,-1.000000,-1.000000,-1.000000,-1.000000,-1.000000,-1.000000,-1.000000,-1.000000,-0.780603,-1.000000,-1.000000,-1.000000
142,D,O,0,-0.999046,-1.000000,-1.000000,-0.999889,-1.000000,-0.999871,-1.000000,-1.000000,-1.000000,-0.942766,-1.000000,-1.000000,-0.398388,-1.000000,0.993010,-0.975155,-0.999995,-1.000000,-0.998961,-0.988555,-0.999997,-1.000000,-0.999975,-1.000000,-1.000000,-1.000000
143,L,L,1,-1.000000,-1.000000,-1.000000,-1.000000,-1.000000,-0.999997,-1.000000,-1.000000,-1.000000,-1.000000,-0.970740,0.999650,-1.000000,-1.000000,-1.000000,-1.000000,-1.000000,-1.000000,-1.000000,-1.000000,-1.000000,-0.993088,-0.999981,-1.000000,-1.000000,-1.000000
144,E,E,1,-1.000000,-1.000000,-1.000000,-1.000000,0.709486,-0.999999,-1.000000,-1.000000,-1.000000,-1.000000,-0.999999,-1.000000,-0.999999,-1.000000,-1.000000,-1.000000,-1.000000,-1.000000,-1.000000,-0.999999,-1.000000,-1.000000,-0.999993,-1.000000,-1.000000,-1.000000
145,U,U,1,-0.999984,-1.000000,-1.000000,-1.000000,-1.000000,-0.998166,-1.000000,-0.999944,-1.000000,-0.999950,-1.000000,-1.000000,-1.000000,-1.000000,-0.999972,-0.999997,-1.000000,-1.000000,-0.999995,-0.999995,0.999742,-1.000000,-1.000000,-1.000000,-1.000000,-1.000000
146,G,C,0,-1.000000,-1.000000,0.999498,-1.000000,-1.000000,-0.999997,-0.998680,-1.000000,-1.000000,-0.999981,-1.000000,-0.999977,-1.000000,-1.000000,-1.000000,-0.999999,-0.999995,-1.000000,-1.000000,-0.999999,-1.000000,-1.000000,-0.999913,-1.000000,-1.000000,-1.000000
147,P,K,0,-1.000000,-1.000000,-1.000000,-1.000000,-0.999881,-0.999999,-1.000000,-1.000000,-1.000000,-0.999998,-0.989141,-1.000000,-0.999542,-1.000000,-1.000000,-1.000000,-1.000000,-1.000000,-1.000000,-0.999946,-1.000000,-1.000000,-1.000000,-1.000000,-0.999186,-1.000000
148,C,C,1,-1.000000,-1.000000,0.999995,-0.999996,-1.000000,-0.999987,-1.000000,-1.000000,-1.000000,-0.999995,-0.999969,-1.000000,-1.000000,-1.000000,-1.000000,-0.999993,-1.000000,-1.000000,-1.000000,-0.999776,-1.000000,-1.000000,-1.000000,-1.000000,-0.990885,-1.000000
149,M,M,1,-1.000000,-1.000000,-1.000000,-1.000000,-1.000000,-1.000000,-1.000000,-0.999978,-1.000000,-0.999991,-1.000000,-1.000000,1.000000,-0.999952,-1.000000,-0.999996,-1.000000,-1.000000,-0.999998,-0.999453,-1.000000,-1.000000,-0.998887,-1.000000,-1.000000,-1.000000
150,F,M,0,-1.000000,-1.000000,-1.000000,-1.000000,-0.999989,-0.999999,-1.000000,-1.000000,-1.000000,-0.999997,-0.999088,-1.000000,-0.997644,-1.000000,-1.000000,-1.000000,-1.000000,-1.000000,-1.000000,-0.999914,-1.000000,-1.000000,-1.000000,-1.000000,-0.999997,-1.000000
151,R,R,1,-0.999998,-1.000000,-0.999993,-1.000000,-1.000000,-0.999998,-1.000000,-1.000000,-1.000000,-0.999979,-0.968072,-1.000000,-1.000000,-1.000000,-1.000000,-0.999998,-1.000000,0.998840,-1.000000,-0.999993,-1.000000,-1.000000,-1.000000,-1.000000,-1.000000,-0.999759
152,O,O,1,-0.999997,-1.000000,-1.000000,-1.000000,-1.000000,-0.999952,-1.000000,-1.000000,-0.999860,-0.999989,-1.000000,-1.000000,-1.000000,-1.000000,1.000000,-0.999973,-1.000000,-1.000000,-0.999997,-0.999987,-1.000000,-1.000000,-1.000000,-1.000000,-1.000000,-1.000000
153,O,O,1,-0.999985,-1.000000,-1.000000,-1.000000,-1.000000,-0.999942,-1.000000,-1.000000,-0.999999,-0.999965,-1.000000,-1.000000,-1.000000,-1.000000,1.000000,-0.999962,-0.999926,-1.000000,-0.999999,-0.999960,-1.000000,-1.000000,-1.000000,-1.000000,-1.000000,-0.999999
154,H,H,1,-0.999943,-1.000000,-1.000000,-1.000000,-1.000000,-0.999302,-1.000000,0.999989,-1.000000,-0.999906,-1.000000,-1.000000,-1.000000,-0.999793,-1.000000,-0.999997,-1.000000,-0.999999,-0.999940,-0.999972,-0.998345,-1.000000,-1.000000,-1.000000,-1.000000,-1.000000
155,P,R,0,-0.999998,-0.999999,-1.000000,-0.999999,-1.000000,-0.999998,-1.000000,-1.000000,-1.000000,-0.999928,-0.999929,-1.000000,-1.000000,-1.000000,-1.000000,-0.999999,-1.000000,-0.672227,-1.000000,-0.999889,-1.000000,-1.000000,-0.999999,-1.000000,-1.000000,-0.999999
156,Y,Y,1,-1.000000,-1.000000,-0.999989,-1.000000,-0.999981,-1.000000,-1.000000,-1.000000,-1.000000,-1.000000,-0.999999,-1.000000,-1.000000,-1.000000,-1.000000,-1.000000,-1.000000,-1.000000,-1.000000,-0.999976,-1.000000,-1.000000,-1.000000,-0.880265,0.938311,-1.000000
157,B,B,1,-0.999973,0.994652,-1.000000,-0.999983,-1.000000,-0.999984,-1.000000,-1.000000,-1.000000,-0.998448,-1.000000,-1.000000,-1.000000,-1.000000,-1.000000,-0.999988,-1.000000,-0.999972,-1.000000,-0.999808,-1.000000,-1.000000,-0.999341,-1.000000,-1.000000,-1.000000
158,W,W,1,-1.000000,-1.000000,-1.000000,-1.000000,-1.000000,-0.999999,-1.000000,-1.000000,-1.000000,-0.999996,-1.000000,-1.000000,-1.000000,-1.000000,-1.000000,-0.999999,-1.000000,-1.000000,-0.999999,-0.999999,-1.000000,-1.000000,0.999983,-1.000000,-1.000000,-1.000000
159,D,D,1,-0.999962,-1.000000,-1.000000,0.999842,-1.000000,-0.999876,-1.000000,-1.000000,-1.000000,-0.985316,-1.000000,-1.000000,-1.000000,-1.000000,-0.999999,-0.999330,-1.000000,-1.000000,-1.000000,-0.998390,-0.999979,-1.000000,-0.999729,-1.000000,-1.000000,-1.000000
160,S,B,0,-0.999806,-0.998517,-1.000000,-1.000000,-1.000000,-0.999907,-1.000000,-1.000000,-1.000000,-0.999419,-1.000000,-1.000000,-1.000000,-1.000000,-0.999960,-0.999917,-1.000000,-1.000000,-0.999992,-0.999935,-1.000000,-1.000000,-1.000000,-1.000000,-0.999999,-0.999839
161,Y,Y,1,-1.000000,-1.000000,-1.000000,-1.000000,-1.000000,-0.999995,-1.000000,-1.000000,-1.000000,-1.000000,-1.000000,-1.000000,-0.998544,-1.000000,-1.000000,-0.999999,-1.000000,-1.000000,-1.000000,-0.999996,-1.000000,-0.944889,-1.000000,-1.000000,0.999663,-1.000000
162,N,N,1,-0.999992,-1.000000,-1.000000,-1.000000,-1.000000,-0.999996,-1.000000,-1.000000,-1.000000,-0.999998,-1.000000,-1.000000,-1.000000,1.000000,-1.000000,-0.999999,-1.000000,-1.000000,-0.999887,-0.999965,-1.000000,-1.000000,-1.000000,-0.999687,-1.000000,-1.000000
163,W,W,1,-1.000000,-1.000000,-1.000000,-1.000000,-1.000000,-1.000000,-1.000000,-1.000000,-1.000000,-1.000000,-1.000000,-1.000000,-1.000000,-0.997708,-1.000000,-1.000000,-1.000000,-1.000000,-1.000000,-1.000000,-1.000000,-1.000000,0.985582,-1.000000,-1.000000,-1.000000
164,T,I,0,-0.999999,-1.000000,-0.999993,-1.000000,-1.000000,-1.000000,-1.000000,-1.000000,-0.995882,-0.999985,-1.000000,-1.000000,-1.000000,-1.000000,-1.000000,-0.999995,-1.000000,-1.000000,-1.000000,-0.999989,-1.000000,-1.000000,-1.000000,-1.000000,-0.999364,-0.997986
165,S,I,0,-0.999999,-1.000000,-0.999991,-1.000000,-1.000000,-1.000000,-1.000000,-1.000000,-0.995304,-0.999986,-1.000000,-1.000000,-1.000000,-1.000000,-1.000000,-0.999996,-1.000000,-1.000000,-1.000000,-0.999992,-1.000000,-1.000000,-1.000000,-1.000000,-0.999677,-0.998024
166,I,I,1,-1.000000,-1.000000,-1.000000,-1.000000,-1.000000,-1.000000,-1.000000,-1.000000,0.890382,-0.999991,-1.000000,-1.000000,-1.000000,-1.000000,-1.000000,-0.999975,-1.000000,-1.000000,-1.000000,-0.999977,-1.000000,-1.000000,-0.999980,-1.000000,-1.000000,-0.999260
167,J,K,0,-0.999999,-1.000000,-1.000000,-1.000000,-1.000000,-0.999995,-1.000000,-0.993609,-1.000000,-0.999991,0.809048,-0.999706,-1.000000,-1.000000,-1.000000,-1.000000,-1.000000,-0.999202,-1.000000,-0.999939,-1.000000,-1.000000,-1.000000,-1.000000,-1.000000,-1.000000
168,I,I,1,-0.999999,-1.000000,-0.999277,-1.000000,-0.997352,-1.000000,-0.999999,-1.000000,-0.951723,-0.999998,-1.000000,-1.000000,-1.000000,-1.000000,-1.000000,-1.000000,-1.000000,-1.000000,-1.000000,-1.000000,-1.000000,-1.000000,-0.999966,-1.000000,-1.000000,-0.998611
169,K,K,1,-0.999999,-1.000000,-0.999992,-1.000000,-0.999945,-0.999999,-1.000000,-1.000000,-1.000000,-0.999999,0.999997,-1.000000,-1.000000,-1.000000,-1.000000,-1.000000,-1.000000,-1.000000,-1.000000,-0.999985,-1.000000,-1.000000,-0.999999,-0.999891,-0.999999,-1.000000
170,X,X,1,-0.999994,-1.000000,-0.999997,-1.000000,-1.000000,-0.999999,-1.000000,-1.000000,-1.000000,-0.999999,-0.995700,-1.000000,-1.000000,-1.000000,-1.000000,-0.999999,-1.000000,-1.000000,-0.999999,-0.999973,-1.000000,-1.000000,-1.000000,0.999785,-0.990561,-1.000000
171,M,M,1,-0.999999,-1.000000,-1.000000,-1.000000,-1.000000,-1.000000,-1.000000,-0.999985,-1.000000,-0.999833,-1.000000,-1.000000,1.000000,-1.000000,-1.000000,-0.999791,-1.000000,-1.000000,-0.999999,-0.996793,-1.000000,-1.000000,-1.000000,-1.000000,-0.999997,-1.000000
172,L,L,1,-0.999971,-1.000000,-1.000000,-1.000000,-0.999854,-0.999904,-1.000000,-0.999995,-1.000000,-0.999989,-0.999983,1.000000,-1.000000,-1.000000,-1.000000,-1.000000,-1.000000,-1.000000,-0.999999,-1.000000,-1.000000,-1.000000,-0.992756,-1.000000,-1.000000,-1.000000
173,H,V,0,-1.000000,-1.000000,-1.000000,-1.000000,-0.999850,-0.999995,-1.000000,-1.000000,-1.000000,-1.000000,-1.000000,-1.000000,-0.999999,-1.000000,-1.000000,-1.000000,-1.000000,-1.000000,-1.000000,-1.000000,-1.000000,-0.922879,-1.000000,-1.000000,-0.967222,-1.000000
174,D,R,0,-1.000000,-0.999999,-0.999972,-1.000000,-0.999997,-1.000000,-0.999999,-1.000000,-1.000000,-0.999987,-0.999991,-1.000000,-1.000000,-1.000000,-1.000000,-0.999999,-1.000000,-0.998789,-1.000000,-0.999994,-1.000000,-1.000000,-0.999999,-1.000000,-1.000000,-1.000000
175,X,X,1,-0.999995,-1.000000,-1.000000,-1.000000,-1.000000,-0.999999,-1.000000,-1.000000,-1.000000,-0.999999,-0.995597,-1.000000,-1.000000,-1.000000,-1.000000,-0.999999,-1.000000,-1.000000,-0.999999,-0.999978,-1.000000,-1.000000,-1.000000,0.999871,-0.999652,-1.000000
176,U,U,1,-0.999515,-1.000000,-1.000000,-1.000000,-1.000000,-0.986683,-1.000000,-0.997073,-1.000000,-0.999916,-1.000000,-0.999984,-1.000000,-1.000000,-1.000000,-0.999994,-1.000000,-1.000000,-0.999711,-0.999994,0.987657,-1.000000,-1.000000,-1.000000,-1.000000,-1.000000
177,E,R,0,-0.999996,-1.000000,-0.999254,-1.000000,-0.984417,-0.999997,-0.999721,-1.000000,-1.000000,-0.999997,-0.999995,-0.999998,-1.000000,-1.000000,-1.000000,-1.000000,-1.000000,-0.969660,-1.000000,-1.000000,-1.000000,-1.000000,-0.999934,-1.000000,-1.000000,-0.999832
178,F,Y,0,-1.000000,-1.000000,-0.999998,-1.000000,-0.999933,-0.999999,-1.000000,-1.000000,-0.999999,-0.999999,-1.000000,-1.000000,-1.000000,-1.000000,-1.000000,-0.999999,-1.000000,-1.000000,-1.000000,-0.999982,-1.000000,-1.000000,-1.000000,-0.999813,0.989655,-1.000000
179,A,W,0,-1.000000,-1.000000,-1.000000,-1.000000,-1.000000,-1.000000,-0.981750,-1.000000,-1.000000,-0.999998,-1.000000,-0.999999,-1.000000,-1.000000,-1.000000,-1.000000,-1.000000,-1.000000,-1.000000,-1.000000,-1.000000,-1.000000,-0.782130,-1.000000,-1.000000,-1.000000
180,L,L,1,-1.000000,-1.000000,-1.000000,-1.000000,-1.000000,-0.999997,-1.000000,-1.000000,-1.000000,-1.000000,-0.970740,0.999650,-1.000000,-1.000000,-1.000000,-1.000000,-1.000000,-1.000000,-1.000000,-1.000000,-1.000000,-0.993088,-0.999981,-1.000000,-1.000000,-1.000000
181,B,B,1,-0.999976,0.977045,-1.000000,-1.000000,-1.000000,-0.999920,-0.995360,-0.999997,-1.000000,-0.999516,-1.000000,-1.000000,-0.999996,-1.000000,-1.000000,-0.999986,-1.000000,-1.000000,-0.999999,-0.999963,-1.000000,-1.000000,-1.000000,-1.000000,-1.000000,-1.000000
182,V,V,1,-1.000000,-1.000000,-1.000000,-1.000000,-1.000000,-0.999998,-0.999996,-0.999983,-1.000000,-1.000000,-1.000000,-1.000000,-0.999876,-1.000000,-1.000000,-1.000000,-1.000000,-1.000000,-1.000000,-0.999999,-0.999999,0.999619,-1.000000,-1.000000,-0.999999,-1.000000
183,W,W,1,-1.000000,-1.000000,-1.000000,-1.000000,-1.000000,-1.000000,-0.999974,-1.000000,-1.000000,-0.999999,-1.000000,-1.000000,-1.000000,-1.000000,-1.000000,-1.000000,-1.000000,-1.000000,-1.000000,-1.000000,-1.000000,-1.000000,0.999835,-1.000000,-1.000000,-1.000000
184,K,K,1,-1.000000,-1.000000,-1.000000,-1.000000,-1.000000,-1.000000,-1.000000,-1.000000,-1.000000,-0.999999,0.999997,-1.000000,-1.000000,-1.000000,-1.000000,-1.000000,-1.000000,-1.000000,-1.000000,-0.999994,-1.000000,-1.000000,-0.999995,-0.999016,-1.000000,-1.000000
185,C,C,1,-0.999999,-1.000000,1.000000,-1.000000,-1.000000,-0.999994,-0.999995,-1.000000,-1.000000,-0.999989,-1.000000,-1.000000,-1.000000,-1.000000,-1.000000,-0.999998,-1.000000,-1.000000,-1.000000,-0.999999,-1.000000,-1.000000,-0.999992,-1.000000,-1.000000,-1.000000
186,T,I,0,-0.999999,-1.000000,-0.999993,-1.000000,-1.000000,-1.000000,-1.000000,-1.000000,-0.995883,-0.999985,-1.000000,-1.000000,-1.000000,-1.000000,-1.000000,-0.999995,-1.000000,-1.000000,-1.000000,-0.999989,-1.000000,-1.000000,-1.000000,-1.000000,-0.999365,-0.997986
187,G,G,1,-0.999984,-1.000000,-1.000000,-1.000000,-1.000000,-0.999954,0.999987,-0.902068,-1.000000,-0.999866,-1.000000,-1.000000,-1.000000,-1.000000,-1.000000,-1.000000,-1.000000,-1.000000,-0.999998,-1.000000,-1.000000,-1.000000,-0.999559,-1.000000,-1.000000,-1.000000
188,H,H,1,-0.999999,-0.999999,-1.000000,-1.000000,-1.000000,-0.999938,-1.000000,0.998804,-1.000000,-0.999964,-1.000000,-1.000000,-0.999943,-0.999873,-1.000000,-0.999999,-1.000000,-1.000000,-0.999999,-0.999977,-0.964170,-0.999997,-1.000000,-1.000000,-1.000000,-1.000000
189,B,G,0,-0.999999,-1.000000,-1.000000,-1.000000,-0.999952,-0.999999,-0.998554,-1.000000,-1.000000,-0.999991,-1.000000,-1.000000,-1.000000,-1.000000,-1.000000,-1.000000,-1.000000,-1.000000,-1.000000,-0.999999,-1.000000,-1.000000,-0.999686,-1.000000,-1.000000,-1.000000
190,E,E,1,-0.999944,-0.983541,-1.000000,-1.000000,-0.884586,-0.999981,-0.999731,-1.000000,-1.000000,-0.999750,-1.000000,-1.000000,-1.000000,-1.000000,-1.000000,-1.000000,-1.000000,-1.000000,-1.000000,-0.999998,-1.000000,-1.000000,-0.888825,-1.000000,-1.000000,-1.000000
191,F,E,0,-1.000000,-1.000000,-1.000000,-1.000000,-0.959580,-0.999999,-1.000000,-1.000000,-1.000000,-0.999999,-1.000000,-1.000000,-1.000000,-1.000000,-1.000000,-1.000000,-1.000000,-1.000000,-1.000000,-0.999999,-1.000000,-1.000000,-0.999974,-1.000000,-1.000000,-1.000000
192,D,D,1,-0.999885,-0.998553,-0.999988,0.999997,-1.000000,-0.999745,-1.000000,-1.000000,-1.000000,-0.991420,-1.000000,-1.000000,-1.000000,-1.000000,-0.999386,-0.999290,-1.000000,-1.000000,-1.000000,-0.995938,-1.000000,-1.000000,-0.999976,-1.000000,-1.000000,-1.000000
193,P,I,0,-0.999999,-1.000000,-0.999994,-1.000000,-1.000000,-1.000000,-1.000000,-1.000000,-0.995955,-0.999985,-1.000000,-1.000000,-1.000000,-1.000000,-1.000000,-0.999995,-1.000000,-1.000000,-1.000000,-0.999989,-1.000000,-1.000000,-1.000000,-1.000000,-0.999390,-0.997993
194,C,C,1,-1.000000,-1.000000,1.000000,-1.000000,-0.999920,-0.999985,-1.000000,-1.000000,-1.000000,-0.999999,-1.000000,-1.000000,-1.000000,-1.000000,-1.000000,-1.000000,-1.000000,-1.000000,-1.000000,-0.999998,-1.000000,-1.000000,-1.000000,-1.000000,-1.000000,-1.000000
195,Y,Y,1,-1.000000,-1.000000,-0.999998,-1.000000,-0.999932,-0.999999,-1.000000,-1.000000,-0.999999,-0.999999,-1.000000,-1.000000,-1.000000,-1.000000,-1.000000,-0.999999,-1.000000,-1.000000,-1.000000,-0.999982,-1.000000,-1.000000,-1.000000,-0.999812,0.989733,-1.000000
196,R,R,1,-0.999990,-1.000000,-1.000000,-0.999984,-1.000000,-0.999996,-1.000000,-1.000000,-1.000000,-0.999910,-0.997357,-1.000000,-1.000000,-1.000000,-1.000000,-0.999998,-1.000000,0.985725,-1.000000,-0.999885,-1.000000,-1.000000,-0.999999,-1.000000,-1.000000,-0.999879
197,I,I,1,-0.999999,-1.000000,-0.999993,-1.000000,-1.000000,-1.000000,-1.000000,-1.000000,-0.995883,-0.999985,-1.000000,-1.000000,-1.000000,-1.000000,-1.000000,-0.999995,-1.000000,-1.000000,-1.000000,-0.999989,-1.000000,-1.000000,-1.000000,-1.000000,-0.999365,-0.997986
198,E,E,1,-0.999988,-0.999925,-1.000000,-1.000000,0.999384,-0.999989,-0.974958,-1.000000,-1.000000,-0.999943,-1.000000,-0.999990,-1.000000,-1.000000,-1.000000,-1.000000,-1.000000,-1.000000,-1.000000,-1.000000,-1.000000,-1.000000,-0.925862,-1.000000,-1.000000,-1.000000
